Country,Air Pollution (PM2.5),Cholera,Life Expectancy,Malaria
AFG,-0.7126649698077242,-0.3325202786310574,0.8731261255965759,-0.7298341613663659
AGO,0.33525455569332746,,-0.04783460430272045,-0.4120198443634873
ALB,-0.6478671445709604,,0.7895975793189364,
ARE,-0.07377413771785897,,-0.43193340756792487,
ARG,-0.9064825390852509,,0.7096767175124926,-0.4744332433413271
ARM,0.05283350942314997,,0.4031404570786077,-0.5960942612603397
ASM,-0.30486641101643797,,,
ATG,-0.5376458883015164,,0.6687189696524153,
AUS,-0.1645383707892305,0.9519284026157094,-0.8090310022575928,
AUT,0.4189553314521006,,-0.7339060526888792,
AZE,-0.17448066652473546,,0.08393546168441932,-0.07549031503233745
BDI,-0.275700079061797,0.5124321240230937,0.5692571347613303,0.2929393878694163
BEL,0.9421502458157033,,-0.9579830611846581,
BEN,-0.40105346720667745,,0.9259447901440049,-0.42871206399057954
BFA,-0.128489787455446,,0.9046592372344431,-0.9369995434712701
BGD,0.5722048780297341,,0.9522850776286296,-0.9232600771719857
BGR,0.3545178704708525,,0.2119656738801953,
BHR,0.14913885906831276,,-0.7160807972681761,
BHS,0.1735339598508192,,-0.15579712734062465,
BIH,-0.6930298559270138,,0.425787012181132,
BLR,0.33541937008764205,,0.5175813683919868,
BLZ,-0.09094028011833241,,0.48440446433317486,-0.5427279534465163
BMU,-0.5037434362476552,,,
BOL,-0.8211568885176204,,0.7041767918584633,-0.7356944847484637
BRA,-0.8450505161024858,,0.6509789668722215,-0.7300224192386519
BRB,-0.20358500459497192,,0.28654995604315503,
BRN,-0.24203510798688216,,0.4592892618525037,
BTN,0.23076118812386687,,0.901271160134512,-0.7133556632515401
BWA,-0.5878482311644198,,0.5166383823415465,-0.1470696787148043
CAF,-0.6992211570079516,,-0.3095030807298861,-0.2533946261674397
CAN,0.3810261986030718,,-0.7447806330245069,
CHE,0.9126543044152204,,-0.8834325230081221,
CHL,-0.7057296725093474,,0.949379335295804,
CHN,-0.21421809080635862,-0.582961671175306,0.9859222348091926,-0.8108556982038104
CIV,-0.40265334814251985,,0.6990696613199003,-0.7300733560225209
CMR,0.26118699021397757,,0.6820787930540096,-0.6175629085569122
COD,-0.25408729857258205,-0.3804233987322475,0.5636987501514454,-0.479525038333302
COG,0.23371196304887587,,-0.08049927998402018,0.06553206981064552
COL,0.06648226262419152,,0.5911615281417999,-0.5091621497525786
COM,0.043535244786813816,,0.6220659604774527,-0.38319038297863767
CPV,-0.6237213021993354,,0.9117913974447599,-0.08584662395720385
CRI,-0.6788145994669857,,0.7964154404729117,-0.46249149034983655
CUB,0.16054893025998854,,0.11586031658368792,
CYP,0.7066693969777128,,-0.860779170986825,
CZE,0.9261625957860082,,-0.8376199773588497,
DEU,0.9424127528241252,,-0.7468371948264491,
DJI,-0.5436313023217278,,-0.8345593064441575,-0.5909565471931342
DMA,-0.41848916719376617,,,
DNK,0.9126770257959566,,-0.9638320173484691,
DOM,-0.09936237810915093,-0.2117446840762645,0.38964577036032866,-0.5289751292734485
DZA,0.5846549637558752,,0.8837945406079606,-0.30174758239610916
ECU,-0.9063837127474275,,0.8487903869093657,-0.8021514749830574
EGY,-0.6282266064123555,,0.6490504571468034,
ERI,0.7675895499292485,,-0.8960399961809545,0.18567923614852624
ESP,0.605139322909331,,-0.8705683158376539,
EST,0.06975284502861837,,0.11161182311964442,
ETH,0.6385204189501159,,0.8707210097403344,-0.7900859688755926
FIN,0.7885214695644511,,-0.8620327669040142,
FJI,0.5122838976921944,,-0.02270174635434495,
FRA,0.9499552083450973,,-0.9118187636515799,
FSM,-0.07722978694954916,,0.48773198859033745,
GAB,-0.3448970187178263,,-0.9511107283433738,0.5927362703888825
GBR,0.8879316612562616,-0.46697538282010964,-0.8187113241002489,
GEO,0.12477248744524085,,0.7742412183106098,-0.7133524854545901
GHA,-0.695196847482613,-0.81248830236391,0.9654327707796245,-0.8366360772006967
GIN,-0.3945796433580029,,0.8357418799679871,-0.9136736406531694
GMB,-0.47691648849334123,,0.056281881577087384,0.37017973324559084
GNB,0.0916848793754384,,-0.07539748989547258,-0.309579657873189
GNQ,-0.6448074281432874,,-0.480649123888756,0.7928575346078623
GRC,0.7144736366397916,,-0.7251404486567298,
GRD,-0.31458382571688676,,0.6544655727949836,
GRL,0.5015409102129069,,,
GTM,-0.8031543919409581,,0.41634653066517824,-0.5546744938592637
GUM,-0.6154669847105146,,,
GUY,-0.6365554341930135,,0.6963071751773667,-0.23830702438688575
HND,-0.8316482876309766,,-0.14209044718057168,-0.611421384919535
HRV,-0.13530137604602022,,-0.6183279871294857,
HTI,0.4371486920766908,-0.831303619447676,0.4196140842491298,-0.8368431441983136
HUN,0.7792864765305362,,-0.8214472218263891,
IDN,-0.8192553601999946,,0.7783372759771295,-0.6835563943356593
IND,0.7348078657364938,,0.9441139166980496,-0.9725221883852071
IRL,0.668703432015476,,-0.9358996812431429,
IRN,0.8644281580502848,,0.707953973364444,-0.846182724294291
IRQ,-0.08748187191638694,,0.835189500747461,-0.1249870178933691
ISL,-0.16073695139393468,,-0.3851412695193976,
ISR,0.3224320683065033,,-0.7262701548954541,
ITA,0.7853359538952969,,-0.8537963888841918,
JAM,-0.6924633609949009,,-0.10044403522943245,
JOR,-0.4354588606027587,,-0.5799837605429415,
JPN,0.41750443441917123,-0.4701546302839123,-0.574341054625764,
KAZ,0.6991650504321912,,0.32700075825360336,
KEN,0.5075332760475271,,0.9185483667572947,-0.7075067978766537
KGZ,-0.2377118594921997,,0.8273156051487078,-0.3723809037426534
KHM,-0.7621634066582559,,0.7906547126355705,-0.8649358929069351
KIR,-0.3143974242839717,,0.5115747012375488,
KNA,-0.7318755348343127,,,
KOR,0.4609142240132645,,0.8899844729016104,-0.7565490188745
KWT,0.2991569369841701,,-0.6710939393342475,
LAO,-0.749718997687595,,0.8172002464367144,-0.826654587162192
LBN,0.33266267802811234,,0.8428853352829663,
LBR,0.37213189423530074,,0.32228178242689626,0.017309974393561786
LBY,0.4923258446679529,,0.7246748884108176,
LCA,-0.46537001802423095,,0.2235942584317851,
LKA,-0.8503940433422016,,0.8312518099537686,-0.37846512773925056
LSO,-0.43053781084060017,,0.7411554057767165,
LTU,-0.7263115938008616,,0.6343757777421275,
LUX,0.8561492924041018,,-0.8084558942594481,
LVA,-0.6124761745176598,,0.6524175486902609,
MAR,0.6731833725548861,,0.9227442430863257,-0.4374032918535401
MDA,0.5194649825858464,,0.6442201961598456,
MDG,0.29215190004966196,,0.7014051346236652,0.6872099202693969
MDV,-0.8934148410543922,,0.721439081053721,
MEX,-0.45677372264241867,,0.7320747141233734,0.2949554152151865
MHL,-0.6622305715866131,,,
MKD,0.4507760783877233,,-0.21615225871566884,
MLI,0.12216232225284263,,0.8882144654112044,-0.7186335333010084
MLT,0.8030640785097409,,-0.762072323029806,
MMR,-0.6461923541890993,0.7267782667507279,0.7773851788044512,-0.8714131986324557
MNG,0.5888883592957026,,0.9374364988287767,
MNP,-0.7881461163982185,,,
MOZ,-0.492693321962738,0.07978349377792918,0.9610962114175565,-0.8976774999898408
MRT,0.23913532480989533,,0.7915507965949895,-0.3847293658098056
MUS,0.43348462619747935,,0.9778098723446901,
MWI,0.42060092907781316,,0.4338843921813665,0.04722732344260659
MYS,-0.8327056221719724,,0.5153403710560001,-0.9006072013593021
NAM,0.015097318735727908,,0.7221914709105786,-0.3665240514057608
NER,0.3238929139159778,0.8045308531042428,0.7991913013039897,0.23473539659368747
NGA,0.008685107514706154,0.7333250576922671,-0.7318506123846392,0.4262011684499458
NIC,-0.5983811211613235,,0.42693922540198426,-0.5282242175914872
NLD,0.8782356256190197,,-0.7757880691348025,
NOR,0.3237222356002811,,-0.6837662166163387,
NPL,0.6836395672840827,,0.7232951972310955,-0.756203638316064
NRU,,,,
NZL,0.36944355136565427,,-0.9332492064084665,
OMN,0.4067918278541225,,0.6077435915375101,-0.6809777884050378
PAK,-0.09644357587288505,,0.7535686117603251,-0.16074653603541644
PAN,-0.8034155670718078,,0.8197528624075384,-0.10872239167266927
PER,-0.8776199529145698,,0.37082705206213606,-0.7560714004834036
PHL,-0.6123255974320461,,-0.3477097619420307,-0.7157557999872718
PLW,0.1494279498760446,,,
PNG,-0.26990008422414735,,-0.48705332112452554,0.4137971273411008
POL,0.6206335453397026,,0.1156347231142783,
PRI,0.17921277704132396,,-0.7752215782092925,
PRT,0.610592529555655,,-0.8729432340579254,
PRY,-0.7293561818113714,,-0.11161022965574387,-0.5151459294520055
QAT,0.06021355291671149,,-0.3393498266702528,
ROU,0.7623905064818417,,-0.6597034433051604,
RUS,0.2124699238578556,,0.5102043664038053,
RWA,-0.3990184912261505,,0.38372408271373815,0.10010941797940626
SAU,0.7676903922522276,,0.9319245311573987,-0.642609687450311
SDN,0.6793571803971069,,0.9544340859270136,-0.4044295676070889
SEN,-0.5250029153421361,,0.9266313413956913,-0.7852006620181217
SGP,0.4760335160287319,,-0.5110658871783906,
SLB,-0.025561088200633512,,-0.585225826357245,0.17360026563049566
SLE,-0.22542724676791218,,0.8285382440827527,-0.8012284961692897
SLV,-0.809421129173277,,0.38326116348004624,-0.457133229855042
SOM,0.02512444204203096,0.6796896290204307,-0.7330565764688801,0.7052377297781833
STP,-0.1593219891020611,,0.9752757858333874,-0.854669641294529
SUR,-0.6715851950230408,,0.5297360691391144,-0.6391941563161936
SVK,0.8554526395321301,,-0.8694364664366983,
SVN,0.3415161443028719,,-0.6951709265307084,
SWE,0.9492723391917425,,-0.9658964826253649,
SWZ,0.5089559840000024,,-0.3447787755551649,0.40206730669459
SYC,0.1486528490655055,,-0.394455137746597,
SYR,-0.36817106150661466,,0.7700499144143832,0.2027043484537136
TCD,0.05279247133180096,,0.9241058707133543,-0.8463202542775128
TGO,-0.5147615344827889,,0.16506148734809617,-0.5969800425651595
THA,-0.8986720921145644,0.5729233783135197,0.9408142674379135,-0.7942157041319625
TJK,-0.14912034830195206,,0.6411222580157232,-0.36966031530098176
TKM,0.05502147182209698,,0.5718691341490768,-0.6412483284090874
TLS,-0.6711664812022712,,0.5226276081071248,-0.5385374909804705
TON,-0.2499771510580009,,0.6533771888426603,
TTO,0.04716606355631887,,0.6076654968401904,
TUN,0.2487743288081181,,0.6950727804435783,
TUR,0.42496957084100784,,0.6642106279653845,-0.7739973983961096
TUV,,,,
TZA,0.37335626879283773,,0.949812001380506,-0.8209861843751336
UGA,0.4361842371964192,-0.4359717782003927,0.9819586243646874,-0.9551753664657019
UKR,0.80897135885038,,-0.8704436396069806,
URY,-0.5064188454626132,,0.47124091039851534,
USA,0.9098553033007617,-0.007794907669558565,-0.445601371508678,
UZB,0.6347246618749472,,-0.935974261843351,0.753952229212789
VCT,-0.43554836360338933,,0.6483172175547843,
VEN,0.5541645525657188,,0.867676837371824,-0.46481330130189225
VIR,0.0009025095040824677,,,
VNM,-0.9263583572227191,,0.9669090877709399,-0.670824550644734
VUT,-0.7318567785394278,,0.7024654936128908,-0.7013977720975308
WSM,-0.4143148578303437,,0.04998242878485948,
YEM,-0.38532997186855455,,-0.1197473428991714,0.3495746844494855
ZAF,0.31780999432107776,,-0.4074531225276791,0.08001932693404941
ZMB,-0.6167152818290812,,0.784383149172004,-0.19789676623142435
ZWE,-0.17896808684161553,,-0.44828525305607697,0.2690939428665613
