Country,Outcome,Correlation,P_value,Years
AFG,Malaria,-0.7298341613663659,3.465461360592642e-05,25
AGO,Malaria,-0.4120198443634873,0.04070168163170912,25
ARE,Malaria,,,25
ARG,Malaria,-0.4744332433413271,0.016566582980791462,25
ARM,Malaria,-0.5960942612603397,0.0016633682014546849,25
AZE,Malaria,-0.07549031503233745,0.7198645244816259,25
BDI,Malaria,0.2929393878694163,0.15528537452735905,25
BEN,Malaria,-0.42871206399057954,0.03249225086548648,25
BFA,Malaria,-0.9369995434712701,5.453495402974807e-12,25
BGD,Malaria,-0.9232600771719857,4.923274718231325e-11,25
BLZ,Malaria,-0.5427279534465163,0.005060200848139364,25
BOL,Malaria,-0.7356944847484637,2.7803593602474932e-05,25
BRA,Malaria,-0.7300224192386519,3.4413254239407695e-05,25
BTN,Malaria,-0.7133556632515401,6.255444127984328e-05,25
BWA,Malaria,-0.1470696787148043,0.4829719930669302,25
CAF,Malaria,-0.2533946261674397,0.22164051587318295,25
CHN,Malaria,-0.8108556982038104,8.862300328457949e-07,25
CIV,Malaria,-0.7300733560225209,3.434820572094037e-05,25
CMR,Malaria,-0.6175629085569122,0.0010050047289237958,25
COD,Malaria,-0.479525038333302,0.01528456300462355,25
COG,Malaria,0.06553206981064552,0.7556333655573763,25
COL,Malaria,-0.5091621497525786,0.009336167904939656,25
COM,Malaria,-0.38319038297863767,0.05865618639060253,25
CPV,Malaria,-0.08584662395720385,0.6832643946453097,25
CRI,Malaria,-0.46249149034983655,0.019921031281834433,25
DJI,Malaria,-0.5909565471931342,0.001866894019802119,25
DOM,Malaria,-0.5289751292734485,0.006552004428145386,25
DZA,Malaria,-0.30174758239610916,0.14267062668364017,25
ECU,Malaria,-0.8021514749830574,1.420193637432728e-06,25
EGY,Malaria,,,25
ERI,Malaria,0.18567923614852624,0.5634191793399256,12
ETH,Malaria,-0.7900859688755926,2.6319325951964345e-06,25
GAB,Malaria,0.5927362703888825,0.001794105198207451,25
GEO,Malaria,-0.7133524854545901,6.256132362439037e-05,25
GHA,Malaria,-0.8366360772006967,1.8802140966370142e-07,25
GIN,Malaria,-0.9136736406531694,1.8168462278933064e-10,25
GMB,Malaria,0.37017973324559084,0.06853572783146629,25
GNB,Malaria,-0.309579657873189,0.13208542290588218,25
GNQ,Malaria,0.7928575346078623,2.292317354224506e-06,25
GTM,Malaria,-0.5546744938592637,0.004007225835395888,25
GUY,Malaria,-0.23830702438688575,0.2513175319271545,25
HND,Malaria,-0.611421384919535,0.0011650819798510194,25
HTI,Malaria,-0.8368431441983136,1.8549823961303534e-07,25
IDN,Malaria,-0.6835563943356593,0.00016540352153937432,25
IND,Malaria,-0.9725221883852071,4.661370186069893e-16,25
IRN,Malaria,-0.846182724294291,9.884500041395136e-08,25
IRQ,Malaria,-0.1249870178933691,0.5516544869600951,25
KAZ,Malaria,,,25
KEN,Malaria,-0.7075067978766537,7.641051818432708e-05,25
KGZ,Malaria,-0.3723809037426534,0.06678036240145507,25
KHM,Malaria,-0.8649358929069351,2.440835682835222e-08,25
KOR,Malaria,-0.7565490188745,1.209637858658279e-05,25
LAO,Malaria,-0.826654587162192,3.530534896285734e-07,25
LBR,Malaria,0.017309974393561786,0.9345475372724522,25
LKA,Malaria,-0.37846512773925056,0.06210776349770189,25
MAR,Malaria,-0.4374032918535401,0.028775081368132352,25
MDG,Malaria,0.6872099202693969,0.00014770263628730512,25
MEX,Malaria,0.2949554152151865,0.15233079107510322,25
MLI,Malaria,-0.7186335333010084,5.20032320740753e-05,25
MMR,Malaria,-0.8714131986324557,1.4338009203842653e-08,25
MOZ,Malaria,-0.8976774999898408,1.1840360824182399e-09,25
MRT,Malaria,-0.3847293658098056,0.0575647151360532,25
MWI,Malaria,0.04722732344260659,0.8226234443590957,25
MYS,Malaria,-0.9006072013593021,8.604035172627951e-10,25
NAM,Malaria,-0.3665240514057608,0.07152889777279525,25
NER,Malaria,0.23473539659368747,0.25870399364050584,25
NGA,Malaria,0.4262011684499458,0.03363466055799394,25
NIC,Malaria,-0.5282242175914872,0.0066430699249752905,25
NPL,Malaria,-0.756203638316064,1.2272342845011e-05,25
OMN,Malaria,-0.6809777884050378,0.00017898957710830798,25
PAK,Malaria,-0.16074653603541644,0.44272681010841775,25
PAN,Malaria,-0.10872239167266927,0.6049335585274198,25
PER,Malaria,-0.7560714004834036,1.2340314495251234e-05,25
PHL,Malaria,-0.7157557999872718,5.754290544357245e-05,25
PNG,Malaria,0.4137971273411008,0.03975663347205915,25
PRY,Malaria,-0.5151459294520055,0.008407429379015346,25
RWA,Malaria,0.10010941797940626,0.633988848818881,25
SAU,Malaria,-0.642609687450311,0.0005322525178167975,25
SDN,Malaria,-0.4044295676070889,0.04493926548741123,25
SEN,Malaria,-0.7852006620181217,3.3412419575768815e-06,25
SLB,Malaria,0.17360026563049566,0.40660001808017415,25
SLE,Malaria,-0.8012284961692897,1.4909989958902857e-06,25
SLV,Malaria,-0.457133229855042,0.02159598560382205,25
SOM,Malaria,0.7052377297781833,8.247294361041297e-05,25
STP,Malaria,-0.854669641294529,5.3766930057868264e-08,25
SUR,Malaria,-0.6391941563161936,0.0005823412604930229,25
SWZ,Malaria,0.40206730669459,0.046326548072859346,25
SYR,Malaria,0.2027043484537136,0.3536131664399707,23
TCD,Malaria,-0.8463202542775128,9.790299781499824e-08,25
TGO,Malaria,-0.5969800425651595,0.001630275451547565,25
THA,Malaria,-0.7942157041319625,2.140644596068089e-06,25
TJK,Malaria,-0.36966031530098176,0.06895505830169484,25
TKM,Malaria,-0.6412483284090874,0.000551749581668012,25
TLS,Malaria,-0.5385374909804705,0.005480862286506543,25
TUR,Malaria,-0.7739973983961096,5.648004844486745e-06,25
TZA,Malaria,-0.8209861843751336,4.96231685793813e-07,25
UGA,Malaria,-0.9551753664657019,1.1904137360375697e-13,25
UZB,Malaria,0.753952229212789,1.347613938120444e-05,25
VEN,Malaria,-0.46481330130189225,0.019228869253385777,25
VNM,Malaria,-0.670824550644734,0.00024244817442820347,25
VUT,Malaria,-0.7013977720975308,9.370016727923456e-05,25
YEM,Malaria,0.3495746844494855,0.14235740097506655,19
ZAF,Malaria,0.08001932693404941,0.7037792580088423,25
ZMB,Malaria,-0.19789676623142435,0.3430023703161765,25
ZWE,Malaria,0.2690939428665613,0.19334903647644835,25
AFG,Cholera,-0.3325202786310574,0.5845589687886236,5
AUS,Cholera,0.9519284026157094,0.012560591493115116,5
BDI,Cholera,0.5124321240230937,0.37735128036007376,5
CHN,Cholera,-0.582961671175306,0.30224866331879835,5
COD,Cholera,-0.3804233987322475,0.5275807874153406,5
DOM,Cholera,-0.2117446840762645,0.7324267010242872,5
GBR,Cholera,-0.46697538282010964,0.4278063528624185,5
GHA,Cholera,-0.81248830236391,0.09468201395992544,5
HTI,Cholera,-0.831303619447676,0.0810374564335312,5
JPN,Cholera,-0.4701546302839123,0.42423028449041555,5
MMR,Cholera,0.7267782667507279,0.16423057304190297,5
MOZ,Cholera,0.07978349377792918,0.8985243738734099,5
NER,Cholera,0.8045308531042428,0.10064423917441105,5
NGA,Cholera,0.7333250576922671,0.1585341150335247,5
SOM,Cholera,0.6796896290204307,0.20684074428853644,5
THA,Cholera,0.5729233783135197,0.3126789743124068,5
UGA,Cholera,-0.4359717782003927,0.4630270710450742,5
USA,Cholera,-0.007794907669558565,0.9900753158144301,5
AFG,Life Expectancy,0.8731261255965759,1.1437883407533041e-07,22
AGO,Life Expectancy,-0.04783460430272045,0.8325844593604496,22
ALB,Life Expectancy,0.7895975793189364,1.2456500297613642e-05,22
ARE,Life Expectancy,-0.43193340756792487,0.04470667718765412,22
ARG,Life Expectancy,0.7096767175124926,0.00021632751491835583,22
ARM,Life Expectancy,0.4031404570786077,0.06283328189531973,22
ATG,Life Expectancy,0.6687189696524153,0.0006678616318900807,22
AUS,Life Expectancy,-0.8090310022575928,5.15485467652109e-06,22
AUT,Life Expectancy,-0.7339060526888792,0.0001012370841743087,22
AZE,Life Expectancy,0.08393546168441932,0.7103634398527254,22
BDI,Life Expectancy,0.5692571347613303,0.005690192191651339,22
BEL,Life Expectancy,-0.9579830611846581,2.601480266323338e-12,22
BEN,Life Expectancy,0.9259447901440049,6.579279696038103e-10,22
BFA,Life Expectancy,0.9046592372344431,7.519484703503482e-09,22
BGD,Life Expectancy,0.9522850776286296,9.06148400877958e-12,22
BGR,Life Expectancy,0.2119656738801953,0.3436416240380521,22
BHR,Life Expectancy,-0.7160807972681761,0.00017830554105300553,22
BHS,Life Expectancy,-0.15579712734062465,0.48872142850654,22
BIH,Life Expectancy,0.425787012181132,0.04818426302504784,22
BLR,Life Expectancy,0.5175813683919868,0.013620893807637813,22
BLZ,Life Expectancy,0.48440446433317486,0.022336840296818646,22
BOL,Life Expectancy,0.7041767918584633,0.00025438148895251663,22
BRA,Life Expectancy,0.6509789668722215,0.001034046273129977,22
BRB,Life Expectancy,0.28654995604315503,0.19604596474610417,22
BRN,Life Expectancy,0.4592892618525037,0.03153102516948097,22
BTN,Life Expectancy,0.901271160134512,1.0509104417150634e-08,22
BWA,Life Expectancy,0.5166383823415465,0.01382288110054624,22
CAF,Life Expectancy,-0.3095030807298861,0.1610180568895565,22
CAN,Life Expectancy,-0.7447806330245069,7.01141668893152e-05,22
CHE,Life Expectancy,-0.8834325230081221,5.125056187789843e-08,22
CHL,Life Expectancy,0.949379335295804,1.6168262153359973e-11,22
CHN,Life Expectancy,0.9859222348091926,5.206542556892123e-17,22
CIV,Life Expectancy,0.6990696613199003,0.00029475570922951524,22
CMR,Life Expectancy,0.6820787930540096,0.00047135846815317986,22
COD,Life Expectancy,0.5636987501514454,0.0062920498390249095,22
COG,Life Expectancy,-0.08049927998402018,0.7217551863245557,22
COL,Life Expectancy,0.5911615281417999,0.0037628415489015703,22
COM,Life Expectancy,0.6220659604774527,0.001993951196246108,22
CPV,Life Expectancy,0.9117913974447599,3.5619959451974757e-09,22
CRI,Life Expectancy,0.7964154404729117,9.238485949082427e-06,22
CUB,Life Expectancy,0.11586031658368792,0.6169923810899217,21
CYP,Life Expectancy,-0.860779170986825,2.744273448584844e-07,22
CZE,Life Expectancy,-0.8376199773588497,1.1555212868231745e-06,22
DEU,Life Expectancy,-0.7468371948264491,6.52764242745887e-05,22
DJI,Life Expectancy,-0.8345593064441575,1.3741535915424528e-06,22
DNK,Life Expectancy,-0.9638320173484691,5.953684336419521e-13,22
DOM,Life Expectancy,0.38964577036032866,0.07304709449374591,22
DZA,Life Expectancy,0.8837945406079606,4.97583934718672e-08,22
ECU,Life Expectancy,0.8487903869093657,5.949670431984095e-07,22
EGY,Life Expectancy,0.6490504571468034,0.0010825875697522288,22
ERI,Life Expectancy,-0.8960399961809545,8.013243809634375e-05,12
ESP,Life Expectancy,-0.8705683158376539,1.381102732122311e-07,22
EST,Life Expectancy,0.11161182311964442,0.6209548089996201,22
ETH,Life Expectancy,0.8707210097403344,1.3657977532257696e-07,22
FIN,Life Expectancy,-0.8620327669040142,2.52063514851343e-07,22
FJI,Life Expectancy,-0.02270174635434495,0.9201239195194382,22
FRA,Life Expectancy,-0.9118187636515799,3.5513734152318404e-09,22
FSM,Life Expectancy,0.48773198859033745,0.02130010838102035,22
GAB,Life Expectancy,-0.9511107283433738,1.1499072963304977e-11,22
GBR,Life Expectancy,-0.8187113241002489,3.1985310088555115e-06,22
GEO,Life Expectancy,0.7742412183106098,2.3513098866662304e-05,22
GHA,Life Expectancy,0.9654327707796245,3.811324078264569e-13,22
GIN,Life Expectancy,0.8357418799679871,1.2856944552790672e-06,22
GMB,Life Expectancy,0.056281881577087384,0.8035364729618002,22
GNB,Life Expectancy,-0.07539748989547258,0.7387737269319741,22
GNQ,Life Expectancy,-0.480649123888756,0.023555029661473874,22
GRC,Life Expectancy,-0.7251404486567298,0.00013444465986529655,22
GRD,Life Expectancy,0.6544655727949836,0.0009509851405058913,22
GTM,Life Expectancy,0.41634653066517824,0.05392933933605163,22
GUY,Life Expectancy,0.6963071751773667,0.00031881109540557505,22
HND,Life Expectancy,-0.14209044718057168,0.5281884448965665,22
HRV,Life Expectancy,-0.6183279871294857,0.002160625073668479,22
HTI,Life Expectancy,0.4196140842491298,0.051884155655257,22
HUN,Life Expectancy,-0.8214472218263891,2.7807880332986086e-06,22
IDN,Life Expectancy,0.7783372759771295,1.9944321453118587e-05,22
IND,Life Expectancy,0.9441139166980496,4.254525856047345e-11,22
IRL,Life Expectancy,-0.9358996812431429,1.6197295359566512e-10,22
IRN,Life Expectancy,0.707953973364444,0.00022767896735722363,22
IRQ,Life Expectancy,0.835189500747461,1.3263671085506972e-06,22
ISL,Life Expectancy,-0.3851412695193976,0.07672093866070112,22
ISR,Life Expectancy,-0.7262701548954541,0.00012969496909679096,22
ITA,Life Expectancy,-0.8537963888841918,4.3427759000225966e-07,22
JAM,Life Expectancy,-0.10044403522943245,0.656499323149933,22
JOR,Life Expectancy,-0.5799837605429415,0.004663478319642856,22
JPN,Life Expectancy,-0.574341054625764,0.005182367780488828,22
KAZ,Life Expectancy,0.32700075825360336,0.13742962066362932,22
KEN,Life Expectancy,0.9185483667572947,1.6520868464422723e-09,22
KGZ,Life Expectancy,0.8273156051487078,2.0430974412027106e-06,22
KHM,Life Expectancy,0.7906547126355705,1.1900901949898503e-05,22
KIR,Life Expectancy,0.5115747012375488,0.014949627736005656,22
KOR,Life Expectancy,0.8899844729016104,2.955895081619574e-08,22
KWT,Life Expectancy,-0.6710939393342475,0.0006285347633004341,22
LAO,Life Expectancy,0.8172002464367144,3.4521767902789945e-06,22
LBN,Life Expectancy,0.8428853352829663,8.504474246763173e-07,22
LBR,Life Expectancy,0.32228178242689626,0.14353311797583074,22
LBY,Life Expectancy,0.7246748884108176,0.00013644547075866635,22
LCA,Life Expectancy,0.2235942584317851,0.31717942555151624,22
LKA,Life Expectancy,0.8312518099537686,1.6507564932147692e-06,22
LSO,Life Expectancy,0.7411554057767165,7.940451297814281e-05,22
LTU,Life Expectancy,0.6343757777421275,0.0015196725522144423,22
LUX,Life Expectancy,-0.8084558942594481,5.2986440469406685e-06,22
LVA,Life Expectancy,0.6524175486902609,0.0009990555363827024,22
MAR,Life Expectancy,0.9227442430863257,9.909611697436024e-10,22
MDA,Life Expectancy,0.6442201961598456,0.0012127606997311526,22
MDG,Life Expectancy,0.7014051346236652,0.00027565555646930843,22
MDV,Life Expectancy,0.721439081053721,0.00015107869166855738,22
MEX,Life Expectancy,0.7320747141233734,0.00010751399955647317,22
MKD,Life Expectancy,-0.21615225871566884,0.33396876533876774,22
MLI,Life Expectancy,0.8882144654112044,3.441171203131566e-08,22
MLT,Life Expectancy,-0.762072323029806,3.761581740222874e-05,22
MMR,Life Expectancy,0.7773851788044512,2.072852269818588e-05,22
MNG,Life Expectancy,0.9374364988287767,1.278958892956473e-10,22
MOZ,Life Expectancy,0.9610962114175565,1.2204579409716347e-12,22
MRT,Life Expectancy,0.7915507965949895,1.1447091721324669e-05,22
MUS,Life Expectancy,0.9778098723446901,4.767445141800558e-15,22
MWI,Life Expectancy,0.4338843921813665,0.043644665521900244,22
MYS,Life Expectancy,0.5153403710560001,0.014104894772118542,22
NAM,Life Expectancy,0.7221914709105786,0.00014756020110748028,22
NER,Life Expectancy,0.7991913013039897,8.153915592359618e-06,22
NGA,Life Expectancy,-0.7318506123846392,0.00010830482175430155,22
NIC,Life Expectancy,0.42693922540198426,0.047516892012810535,22
NLD,Life Expectancy,-0.7757880691348025,2.210469305763398e-05,22
NOR,Life Expectancy,-0.6837662166163387,0.0004504971791281184,22
NPL,Life Expectancy,0.7232951972310955,0.00014252720135036578,22
NZL,Life Expectancy,-0.9332492064084665,2.401939106051316e-10,22
OMN,Life Expectancy,0.6077435915375101,0.0026976969027926343,22
PAK,Life Expectancy,0.7535686117603251,5.141274890329021e-05,22
PAN,Life Expectancy,0.8197528624075384,3.0334022066373108e-06,22
PER,Life Expectancy,0.37082705206213606,0.08931996617448683,22
PHL,Life Expectancy,-0.3477097619420307,0.11282017098560815,22
PNG,Life Expectancy,-0.48705332112452554,0.02150835624928571,22
POL,Life Expectancy,0.1156347231142783,0.6083431147279548,22
PRI,Life Expectancy,-0.7752215782092925,2.2611669165552272e-05,22
PRT,Life Expectancy,-0.8729432340579254,1.1594667836026135e-07,22
PRY,Life Expectancy,-0.11161022965574387,0.6209598252004194,22
QAT,Life Expectancy,-0.3393498266702528,0.12233545791257562,22
ROU,Life Expectancy,-0.6597034433051604,0.0008369221677318561,22
RUS,Life Expectancy,0.5102043664038053,0.015267034517116501,22
RWA,Life Expectancy,0.38372408271373815,0.07790502587094107,22
SAU,Life Expectancy,0.9319245311573987,2.9072443591179634e-10,22
SDN,Life Expectancy,0.9544340859270136,5.7670393957657086e-12,22
SEN,Life Expectancy,0.9266313413956913,6.011556785540348e-10,22
SGP,Life Expectancy,-0.5110658871783906,0.015066851491284559,22
SLB,Life Expectancy,-0.585225826357245,0.0042209833406528586,22
SLE,Life Expectancy,0.8285382440827527,1.9132524993280827e-06,22
SLV,Life Expectancy,0.38326116348004624,0.07829476151887706,22
SOM,Life Expectancy,-0.7330565764688801,0.00010410793267043048,22
STP,Life Expectancy,0.9752757858333874,1.3911221282086955e-14,22
SUR,Life Expectancy,0.5297360691391144,0.011225590217166459,22
SVK,Life Expectancy,-0.8694364664366983,1.499379324209268e-07,22
SVN,Life Expectancy,-0.6951709265307084,0.00032918543756822066,22
SWE,Life Expectancy,-0.9658964826253649,3.336244985390923e-13,22
SWZ,Life Expectancy,-0.3447787755551649,0.1160928286188017,22
SYC,Life Expectancy,-0.394455137746597,0.06927279649859489,22
SYR,Life Expectancy,0.7700499144143832,2.773113390098951e-05,22
TCD,Life Expectancy,0.9241058707133543,8.343148651536184e-10,22
TGO,Life Expectancy,0.16506148734809617,0.46290411082527205,22
THA,Life Expectancy,0.9408142674379135,7.446910391308428e-11,22
TJK,Life Expectancy,0.6411222580157232,0.0013030681849145625,22
TKM,Life Expectancy,0.5718691341490768,0.0054243546178285255,22
TLS,Life Expectancy,0.5226276081071248,0.012580413747988059,22
TON,Life Expectancy,0.6533771888426603,0.0009762795662399204,22
TTO,Life Expectancy,0.6076654968401904,0.0027020422637386923,22
TUN,Life Expectancy,0.6950727804435783,0.0003300950296545028,22
TUR,Life Expectancy,0.6642106279653845,0.00074833018693755,22
TZA,Life Expectancy,0.949812001380506,1.486514438091179e-11,22
UGA,Life Expectancy,0.9819586243646874,6.120945132894148e-16,22
UKR,Life Expectancy,-0.8704436396069806,1.3937120825656562e-07,22
URY,Life Expectancy,0.47124091039851534,0.02684124835922351,22
USA,Life Expectancy,-0.445601371508678,0.03767359271159627,22
UZB,Life Expectancy,-0.935974261843351,1.601484519654267e-10,22
VCT,Life Expectancy,0.6483172175547843,0.001101545780640131,22
VEN,Life Expectancy,0.867676837371824,1.701146893096575e-07,22
VNM,Life Expectancy,0.9669090877709399,2.4784411796768504e-13,22
VUT,Life Expectancy,0.7024654936128908,0.0002673422417295192,22
WSM,Life Expectancy,0.04998242878485948,0.8251770710201864,22
YEM,Life Expectancy,-0.1197473428991714,0.6253415213339333,19
ZAF,Life Expectancy,-0.4074531225276791,0.059810512732654114,22
ZMB,Life Expectancy,0.784383149172004,1.5543316721355777e-05,22
ZWE,Life Expectancy,-0.44828525305607697,0.03640070163414622,22
AFG,Air Pollution (PM2.5),-0.7126649698077242,9.320358979478615e-05,24
AGO,Air Pollution (PM2.5),0.33525455569332746,0.05259367670617307,34
ALB,Air Pollution (PM2.5),-0.6478671445709604,3.438131446153866e-05,34
ARE,Air Pollution (PM2.5),-0.07377413771785897,0.6783988920962896,34
ARG,Air Pollution (PM2.5),-0.9064825390852509,1.5991549889183008e-13,34
ARM,Air Pollution (PM2.5),0.05283350942314997,0.7666544737525274,34
ASM,Air Pollution (PM2.5),-0.30486641101643797,0.17902017221224473,21
ATG,Air Pollution (PM2.5),-0.5376458883015164,0.0010410486687317142,34
AUS,Air Pollution (PM2.5),-0.1645383707892305,0.3524289109964895,34
AUT,Air Pollution (PM2.5),0.4189553314521006,0.013656393227294408,34
AZE,Air Pollution (PM2.5),-0.17448066652473546,0.3236763741957739,34
BDI,Air Pollution (PM2.5),-0.275700079061797,0.11451394710248845,34
BEL,Air Pollution (PM2.5),0.9421502458157033,9.541113263377508e-17,34
BEN,Air Pollution (PM2.5),-0.40105346720667745,0.018738368198159692,34
BFA,Air Pollution (PM2.5),-0.128489787455446,0.46894045263284717,34
BGD,Air Pollution (PM2.5),0.5722048780297341,0.0004065132014984064,34
BGR,Air Pollution (PM2.5),0.3545178704708525,0.03966592884922124,34
BHR,Air Pollution (PM2.5),0.14913885906831276,0.3998905917023355,34
BHS,Air Pollution (PM2.5),0.1735339598508192,0.32634964600504407,34
BIH,Air Pollution (PM2.5),-0.6930298559270138,5.552355600224674e-06,34
BLR,Air Pollution (PM2.5),0.33541937008764205,0.05247036513442484,34
BLZ,Air Pollution (PM2.5),-0.09094028011833241,0.609003728527529,34
BMU,Air Pollution (PM2.5),-0.5037434362476552,0.0023874319418183566,34
BOL,Air Pollution (PM2.5),-0.8211568885176204,2.695769867348248e-09,34
BRA,Air Pollution (PM2.5),-0.8450505161024858,3.260501237794538e-10,34
BRB,Air Pollution (PM2.5),-0.20358500459497192,0.24815761749775966,34
BRN,Air Pollution (PM2.5),-0.24203510798688216,0.16786016658762015,34
BTN,Air Pollution (PM2.5),0.23076118812386687,0.18917222658034688,34
BWA,Air Pollution (PM2.5),-0.5878482311644198,0.0002564128127674932,34
CAF,Air Pollution (PM2.5),-0.6992211570079516,4.215114130708791e-06,34
CAN,Air Pollution (PM2.5),0.3810261986030718,0.02619790561692522,34
CHE,Air Pollution (PM2.5),0.9126543044152204,5.612891761485388e-14,34
CHL,Air Pollution (PM2.5),-0.7057296725093474,3.131556005085497e-06,34
CHN,Air Pollution (PM2.5),-0.21421809080635862,0.22377266851303435,34
CIV,Air Pollution (PM2.5),-0.40265334814251985,0.018228014651743202,34
CMR,Air Pollution (PM2.5),0.26118699021397757,0.1356883929022596,34
COD,Air Pollution (PM2.5),-0.25408729857258205,0.14703758737025915,34
COG,Air Pollution (PM2.5),0.23371196304887587,0.18341935797235712,34
COL,Air Pollution (PM2.5),0.06648226262419152,0.7087252455674274,34
COM,Air Pollution (PM2.5),0.043535244786813816,0.8068648624508845,34
CPV,Air Pollution (PM2.5),-0.6237213021993354,8.111051638355653e-05,34
CRI,Air Pollution (PM2.5),-0.6788145994669857,1.019673081584192e-05,34
CUB,Air Pollution (PM2.5),0.16054893025998854,0.3882578123284839,31
CYP,Air Pollution (PM2.5),0.7066693969777128,2.998086093966449e-06,34
CZE,Air Pollution (PM2.5),0.9261625957860082,4.214063104057456e-15,34
DEU,Air Pollution (PM2.5),0.9424127528241252,8.888365394749508e-17,34
DJI,Air Pollution (PM2.5),-0.5436313023217278,0.0008909640248389937,34
DMA,Air Pollution (PM2.5),-0.41848916719376617,0.01377223856290935,34
DNK,Air Pollution (PM2.5),0.9126770257959566,5.5905087348007654e-14,34
DOM,Air Pollution (PM2.5),-0.09936237810915093,0.5760984659770744,34
DZA,Air Pollution (PM2.5),0.5846549637558752,0.00028224131540060675,34
ECU,Air Pollution (PM2.5),-0.9063837127474275,1.6252258050556274e-13,34
EGY,Air Pollution (PM2.5),-0.6282266064123555,6.948567771170493e-05,34
ERI,Air Pollution (PM2.5),0.7675895499292485,7.794270292586509e-05,20
ESP,Air Pollution (PM2.5),0.605139322909331,0.00014979229685771012,34
EST,Air Pollution (PM2.5),0.06975284502861837,0.7092508326716765,31
ETH,Air Pollution (PM2.5),0.6385204189501159,4.834871485616449e-05,34
FIN,Air Pollution (PM2.5),0.7885214695644511,3.0609583420306547e-08,34
FJI,Air Pollution (PM2.5),0.5122838976921944,0.0019524762742692391,34
FRA,Air Pollution (PM2.5),0.9499552083450973,9.931954804717256e-18,34
FSM,Air Pollution (PM2.5),-0.07722978694954916,0.6641950816479225,34
GAB,Air Pollution (PM2.5),-0.3448970187178263,0.04575749044768457,34
GBR,Air Pollution (PM2.5),0.8879316612562616,2.5219337427047194e-12,34
GEO,Air Pollution (PM2.5),0.12477248744524085,0.4820033032042618,34
GHA,Air Pollution (PM2.5),-0.695196847482613,5.045775858789767e-06,34
GIN,Air Pollution (PM2.5),-0.3945796433580029,0.02092655136490259,34
GMB,Air Pollution (PM2.5),-0.47691648849334123,0.004347608549833006,34
GNB,Air Pollution (PM2.5),0.0916848793754384,0.6060626934719788,34
GNQ,Air Pollution (PM2.5),-0.6448074281432874,3.848894899676205e-05,34
GRC,Air Pollution (PM2.5),0.7144736366397916,2.074390982896136e-06,34
GRD,Air Pollution (PM2.5),-0.31458382571688676,0.06998180495720804,34
GRL,Air Pollution (PM2.5),0.5015409102129069,0.002512441008352624,34
GTM,Air Pollution (PM2.5),-0.8031543919409581,1.088758897457642e-08,34
GUM,Air Pollution (PM2.5),-0.6154669847105146,0.002978664164459201,21
GUY,Air Pollution (PM2.5),-0.6365554341930135,5.1867195031330234e-05,34
HND,Air Pollution (PM2.5),-0.8316482876309766,1.1103427619538742e-09,34
HRV,Air Pollution (PM2.5),-0.13530137604602022,0.44549637619730975,34
HTI,Air Pollution (PM2.5),0.4371486920766908,0.009732615952356142,34
HUN,Air Pollution (PM2.5),0.7792864765305362,5.6435428519200677e-08,34
IDN,Air Pollution (PM2.5),-0.8192553601999946,3.1465830558417954e-09,34
IND,Air Pollution (PM2.5),0.7348078657364938,7.49002813811564e-07,34
IRL,Air Pollution (PM2.5),0.668703432015476,1.540455270422124e-05,34
IRN,Air Pollution (PM2.5),0.8644281580502848,4.451041080275741e-11,34
IRQ,Air Pollution (PM2.5),-0.08748187191638694,0.6227422721514702,34
ISL,Air Pollution (PM2.5),-0.16073695139393468,0.36381655026220755,34
ISR,Air Pollution (PM2.5),0.3224320683065033,0.06291653564302156,34
ITA,Air Pollution (PM2.5),0.7853359538952969,3.7928199127165415e-08,34
JAM,Air Pollution (PM2.5),-0.6924633609949009,5.692203706887119e-06,34
JOR,Air Pollution (PM2.5),-0.4354588606027587,0.0100512910863025,34
JPN,Air Pollution (PM2.5),0.41750443441917123,0.014019669247449962,34
KAZ,Air Pollution (PM2.5),0.6991650504321912,4.225782410776188e-06,34
KEN,Air Pollution (PM2.5),0.5075332760475271,0.0021849830709996,34
KGZ,Air Pollution (PM2.5),-0.2377118594921997,0.17581973164085152,34
KHM,Air Pollution (PM2.5),-0.7621634066582559,1.630516538429859e-07,34
KIR,Air Pollution (PM2.5),-0.3143974242839717,0.07015684416564191,34
KNA,Air Pollution (PM2.5),-0.7318755348343127,8.723825557138857e-07,34
KOR,Air Pollution (PM2.5),0.4609142240132645,0.006081166683193227,34
KWT,Air Pollution (PM2.5),0.2991569369841701,0.08566295772007736,34
LAO,Air Pollution (PM2.5),-0.749718997687595,3.3415397411342224e-07,34
LBN,Air Pollution (PM2.5),0.33266267802811234,0.05456338112760395,34
LBR,Air Pollution (PM2.5),0.37213189423530074,0.030217242048463426,34
LBY,Air Pollution (PM2.5),0.4923258446679529,0.003099310255316212,34
LCA,Air Pollution (PM2.5),-0.46537001802423095,0.005547430518271905,34
LKA,Air Pollution (PM2.5),-0.8503940433422016,1.9364000924519677e-10,34
LSO,Air Pollution (PM2.5),-0.43053781084060017,0.011030147697983987,34
LTU,Air Pollution (PM2.5),-0.7263115938008616,8.177502745179608e-06,29
LUX,Air Pollution (PM2.5),0.8561492924041018,1.0796424001122319e-10,34
LVA,Air Pollution (PM2.5),-0.6124761745176598,0.00041312394581518485,29
MAR,Air Pollution (PM2.5),0.6731833725548861,1.2855878226297327e-05,34
MDA,Air Pollution (PM2.5),0.5194649825858464,0.001642034297000307,34
MDG,Air Pollution (PM2.5),0.29215190004966196,0.09361917841240111,34
MDV,Air Pollution (PM2.5),-0.8934148410543922,1.1771302253950373e-12,34
MEX,Air Pollution (PM2.5),-0.45677372264241867,0.006616004390375823,34
MHL,Air Pollution (PM2.5),-0.6622305715866131,1.9899359191587417e-05,34
MKD,Air Pollution (PM2.5),0.4507760783877233,0.007461847068853049,34
MLI,Air Pollution (PM2.5),0.12216232225284263,0.4912869103269818,34
MLT,Air Pollution (PM2.5),0.8030640785097409,1.0960130451921171e-08,34
MMR,Air Pollution (PM2.5),-0.6461923541890993,3.657779081005843e-05,34
MNG,Air Pollution (PM2.5),0.5888883592957026,0.0002484672923421451,34
MNP,Air Pollution (PM2.5),-0.7881461163982185,2.2056849068086154e-05,21
MOZ,Air Pollution (PM2.5),-0.492693321962738,0.0035806525130631793,33
MRT,Air Pollution (PM2.5),0.23913532480989533,0.17316994534055424,34
MUS,Air Pollution (PM2.5),0.43348462619747935,0.010434760195564306,34
MWI,Air Pollution (PM2.5),0.42060092907781316,0.01325397848898351,34
MYS,Air Pollution (PM2.5),-0.8327056221719724,1.0119999135326744e-09,34
NAM,Air Pollution (PM2.5),0.015097318735727908,0.9324651793652793,34
NER,Air Pollution (PM2.5),0.3238929139159778,0.0616657182326778,34
NGA,Air Pollution (PM2.5),0.008685107514706154,0.961119297777485,34
NIC,Air Pollution (PM2.5),-0.5983811211613235,0.00018549200355121796,34
NLD,Air Pollution (PM2.5),0.8782356256190197,8.850615504173663e-12,34
NOR,Air Pollution (PM2.5),0.3237222356002811,0.061810838648372154,34
NPL,Air Pollution (PM2.5),0.6836395672840827,8.326987674247502e-06,34
NRU,Air Pollution (PM2.5),,,34
NZL,Air Pollution (PM2.5),0.36944355136565427,0.031526827972201715,34
OMN,Air Pollution (PM2.5),0.4067918278541225,0.016961346324489514,34
PAK,Air Pollution (PM2.5),-0.09644357587288505,0.5874115790307792,34
PAN,Air Pollution (PM2.5),-0.8034155670718078,1.0680294357256395e-08,34
PER,Air Pollution (PM2.5),-0.8776199529145698,9.550444050341843e-12,34
PHL,Air Pollution (PM2.5),-0.6123255974320461,0.0001186980246647232,34
PLW,Air Pollution (PM2.5),0.1494279498760446,0.3989673029376689,34
PNG,Air Pollution (PM2.5),-0.26990008422414735,0.12265696162614868,34
POL,Air Pollution (PM2.5),0.6206335453397026,9.00579920535528e-05,34
PRI,Air Pollution (PM2.5),0.17921277704132396,0.3105185051287732,34
PRT,Air Pollution (PM2.5),0.610592529555655,0.00012561346894227526,34
PRY,Air Pollution (PM2.5),-0.7293561818113714,9.929504842670903e-07,34
QAT,Air Pollution (PM2.5),0.06021355291671149,0.7351546368148828,34
ROU,Air Pollution (PM2.5),0.7623905064818417,1.6086629045214748e-07,34
RUS,Air Pollution (PM2.5),0.2124699238578556,0.2276652547098994,34
RWA,Air Pollution (PM2.5),-0.3990184912261505,0.019404652558445867,34
SAU,Air Pollution (PM2.5),0.7676903922522276,1.1691005785164199e-07,34
SDN,Air Pollution (PM2.5),0.6793571803971069,9.968948562324277e-06,34
SEN,Air Pollution (PM2.5),-0.5250029153421361,0.0014330382173363201,34
SGP,Air Pollution (PM2.5),0.4760335160287319,0.004430694314868576,34
SLB,Air Pollution (PM2.5),-0.025561088200633512,0.8859002171449943,34
SLE,Air Pollution (PM2.5),-0.22542724676791218,0.1998903651922313,34
SLV,Air Pollution (PM2.5),-0.809421129173277,6.809784674221692e-09,34
SOM,Air Pollution (PM2.5),0.02512444204203096,0.8878369376588777,34
STP,Air Pollution (PM2.5),-0.1593219891020611,0.3681105629504172,34
SUR,Air Pollution (PM2.5),-0.6715851950230408,1.3717498102822593e-05,34
SVK,Air Pollution (PM2.5),0.8554526395321301,1.1602952616835574e-10,34
SVN,Air Pollution (PM2.5),0.3415161443028719,0.04806819822649688,34
SWE,Air Pollution (PM2.5),0.9492723391917425,1.2276323607019362e-17,34
SWZ,Air Pollution (PM2.5),0.5089559840000024,0.002112944534059185,34
SYC,Air Pollution (PM2.5),0.1486528490655055,0.40144554862127035,34
SYR,Air Pollution (PM2.5),-0.36817106150661466,0.03502075962273616,33
TCD,Air Pollution (PM2.5),0.05279247133180096,0.7668307177569753,34
TGO,Air Pollution (PM2.5),-0.5147615344827889,0.0018400225567523011,34
THA,Air Pollution (PM2.5),-0.8986720921145644,5.448055898445852e-13,34
TJK,Air Pollution (PM2.5),-0.14912034830195206,0.39994975242612707,34
TKM,Air Pollution (PM2.5),0.05502147182209698,0.75727480555665,34
TLS,Air Pollution (PM2.5),-0.6711664812022712,1.3951731031017363e-05,34
TON,Air Pollution (PM2.5),-0.2499771510580009,0.1539156291076619,34
TTO,Air Pollution (PM2.5),0.04716606355631887,0.7910993311641286,34
TUN,Air Pollution (PM2.5),0.2487743288081181,0.15597180293520704,34
TUR,Air Pollution (PM2.5),0.42496957084100784,0.012233779257444729,34
TUV,Air Pollution (PM2.5),,,34
TZA,Air Pollution (PM2.5),0.37335626879283773,0.029635734288917373,34
UGA,Air Pollution (PM2.5),0.4361842371964192,0.009913429715058389,34
UKR,Air Pollution (PM2.5),0.80897135885038,7.047041658746758e-09,34
URY,Air Pollution (PM2.5),-0.5064188454626132,0.0022428991286953135,34
USA,Air Pollution (PM2.5),0.9098553033007617,9.108171636229686e-14,34
UZB,Air Pollution (PM2.5),0.6347246618749472,5.535126999565133e-05,34
VCT,Air Pollution (PM2.5),-0.43554836360338933,0.010034193210584625,34
VEN,Air Pollution (PM2.5),0.5541645525657188,0.0006726391666903058,34
VIR,Air Pollution (PM2.5),0.0009025095040824677,0.9969021821907534,21
VNM,Air Pollution (PM2.5),-0.9263583572227191,4.0445885289061094e-15,34
VUT,Air Pollution (PM2.5),-0.7318567785394278,8.732283390467459e-07,34
WSM,Air Pollution (PM2.5),-0.4143148578303437,0.014846890644582602,34
YEM,Air Pollution (PM2.5),-0.38532997186855455,0.03899206610456783,29
ZAF,Air Pollution (PM2.5),0.31780999432107776,0.06700601774140419,34
ZMB,Air Pollution (PM2.5),-0.6167152818290812,0.00010268408424703706,34
ZWE,Air Pollution (PM2.5),-0.17896808684161553,0.3111905151370059,34
